{"vcompound":{"0":23.533685446,"1":22.1439951574,"2":25.5793681917,"3":27.3149855908,"4":26.0725352113,"5":28.2037438424,"6":33.4687136929,"7":25.6077505568,"8":33.4631464174,"9":11.4496779141,"10":25.622732049,"11":24.5642018349,"12":25.3527272727,"13":27.7029185868,"14":26.7554288939,"15":27.8248131267,"16":28.3981622912,"17":26.4825568182,"18":23.7825842697,"19":20.8936590038,"20":25.713876698,"21":19.0797801303,"22":17.8837402191,"23":17.124949402,"24":19.1391520979,"25":17.7308387097,"26":18.0794149346,"27":17.9695803642,"28":18.1409805579,"29":19.7974239544,"30":9.8734588068,"31":5.7714174174,"32":4.7682821756,"33":7.3578594455,"34":8.0849346609,"35":8.5711559302,"36":16.6078995961,"37":22.8184108761,"38":20.0583378305,"39":19.0564140559,"40":16.9425756848,"41":20.3462916439,"42":20.1425274725,"43":18.3996326837,"44":20.107511592,"45":13.862895505,"46":15.0231581582,"47":11.9788888889,"48":15.6420936116,"49":19.2801083333,"50":16.4978459441,"51":16.340672533,"52":18.8696098953,"53":7.9787629722,"54":8.6236136524,"55":7.6828524046,"56":1.4076723903,"57":10.8214661654,"58":10.9825073602,"59":8.7354195714,"60":11.3164738754,"61":18.42775356,"62":17.7148619486,"63":14.3944136126,"64":10.9886952404,"65":16.564078329,"66":18.8584027972,"67":12.3304693349,"68":10.2262059888,"69":13.6997580645,"70":14.6120398718,"71":15.1623780488},"volumeusd":{"0":964890.5824028124,"1":2237344.7833918142,"2":1813715.9239206701,"3":3160277.1282854299,"4":1172819.4235703244,"5":572155.515994956,"6":673369.6890661644,"7":2154379.4192306898,"8":2386424.4236532045,"9":2915015.8323115753,"10":2406858.1251275213,"11":3076816.480989798,"12":2496769.6666609966,"13":3935598.7773789428,"14":7375422.1197386999,"15":7517434.0340861902,"16":4905806.0146628525,"17":3292005.1312854611,"18":4458626.3449197765,"19":3824922.2893066839,"20":3455761.8101070812,"21":11580390.4821069781,"22":6200328.3241948439,"23":3278909.3145337044,"24":4872998.651742232,"25":5238266.5349084698,"26":6541835.470371102,"27":7335411.655652741,"28":3582333.9280634308,"29":4381671.5122622531,"30":3095586.0474927505,"31":3671096.8307325384,"32":4020685.3375869971,"33":4992272.8046343289,"34":2507261.0632274537,"35":3050688.0916999318,"36":9694314.4020941984,"37":7161706.827306523,"38":8456378.2307737581,"39":10573212.570940908,"40":5481818.7558816541,"41":9090196.4569365941,"42":6801776.0499988105,"43":5154620.1647159159,"44":9333830.7293238211,"45":20492540.2916596532,"46":15693294.6100977883,"47":10282127.8276864327,"48":6283874.8768355139,"49":6933637.7667488027,"50":7007658.358940647,"51":8999568.5708433967,"52":4427952.5449050581,"53":7977751.5392209794,"54":8373181.4363081679,"55":6709415.7312787939,"56":5240565.751171492,"57":10465000.4244595487,"58":14857868.0682145841,"59":4730877.6738745905,"60":11726065.4643685669,"61":8415581.583108427,"62":5320235.9311563717,"63":8407158.1984525211,"64":8320617.6016005222,"65":10000332.4744309895,"66":5343824.284288981,"67":4074701.7265432635,"68":12531967.3119694944,"69":11795842.564909298,"70":13151673.8235009946,"71":7912522.9105836768},"datetime":{"0":1642809600000,"1":1642813200000,"2":1642816800000,"3":1642820400000,"4":1642824000000,"5":1642827600000,"6":1642831200000,"7":1642834800000,"8":1642838400000,"9":1642842000000,"10":1642845600000,"11":1642849200000,"12":1642852800000,"13":1642856400000,"14":1642860000000,"15":1642863600000,"16":1642867200000,"17":1642870800000,"18":1642874400000,"19":1642878000000,"20":1642881600000,"21":1642885200000,"22":1642888800000,"23":1642892400000,"24":1642896000000,"25":1642899600000,"26":1642903200000,"27":1642906800000,"28":1642910400000,"29":1642914000000,"30":1642917600000,"31":1642921200000,"32":1642924800000,"33":1642928400000,"34":1642932000000,"35":1642935600000,"36":1642939200000,"37":1642942800000,"38":1642946400000,"39":1642950000000,"40":1642953600000,"41":1642957200000,"42":1642960800000,"43":1642964400000,"44":1642968000000,"45":1642971600000,"46":1642975200000,"47":1642978800000,"48":1642982400000,"49":1642986000000,"50":1642989600000,"51":1642993200000,"52":1642996800000,"53":1643000400000,"54":1643004000000,"55":1643007600000,"56":1643011200000,"57":1643014800000,"58":1643018400000,"59":1643022000000,"60":1643025600000,"61":1643029200000,"62":1643032800000,"63":1643036400000,"64":1643040000000,"65":1643043600000,"66":1643047200000,"67":1643050800000,"68":1643054400000,"69":1643058000000,"70":1643061600000,"71":1643065200000}}