{"vcompound":{"0":23533.6854460094,"1":22143.995157385,"2":25579.3681917211,"3":27314.9855907781,"4":26072.5352112676,"5":28203.7438423645,"6":33468.7136929461,"7":25607.7505567929,"8":33463.1464174455,"9":11449.6779141104,"10":25622.7320490368,"11":24564.2018348624,"12":25352.7272727273,"13":27702.9185867896,"14":26755.4288939052,"15":27824.8131267092,"16":28398.1622911695,"17":26482.5568181818,"18":23782.5842696629,"19":20893.6590038314,"20":25713.8766980146,"21":19079.7801302932,"22":17883.7402190923,"23":17124.9494020239,"24":19139.1520979021,"25":17730.8387096774,"26":18079.4149345651,"27":17969.5803642122,"28":18140.9805579036,"29":19797.4239543726,"30":9873.4588068182,"31":5771.4174174174,"32":4768.282175552,"33":7357.859445519,"34":8084.9346608587,"35":8571.1559301626,"36":16607.8995960762,"37":22818.4108761329,"38":20058.3378305451,"39":19056.4140558848,"40":16942.5756847669,"41":20346.2916439104,"42":20142.5274725275,"43":18399.6326836582,"44":20107.5115919629,"45":13862.8955049621,"46":15023.1581581582,"47":11978.8888888889,"48":15642.0936116382,"49":19280.1083333333,"50":16497.8459441036,"51":16340.6725329981,"52":18869.6098953378,"53":7978.7629721876,"54":8623.6136523575,"55":7682.8524046434,"56":1407.6723902971,"57":10821.4661654135,"58":10982.507360157,"59":8735.4195713917,"60":11316.4738753842,"61":18427.7535600116,"62":17714.8619485877,"63":14394.4136125654,"64":10988.6952403505,"65":16564.0783289817,"66":18858.4027972028,"67":12330.469334869,"68":10226.2059888121,"69":13699.7580645161,"70":14612.0398718405,"71":15162.3780487805},"close":{"0":41858.82,"1":42117.945,"2":42179.99,"3":41837.56,"4":41815.79,"5":41850.755,"6":41892.24,"7":41670.96,"8":41670.15,"9":41846.135,"10":41817.83,"11":42113.47,"12":42091.465,"13":42316.15,"14":42762.19,"15":42669.98,"16":42598.985,"17":42604.735,"18":42437.26,"19":42398.3,"20":42194.645,"21":41530.42,"22":41577.425,"23":41209.63,"24":40922.94,"25":40770.905,"26":40928.64,"27":40210.285,"28":40381.765,"29":40428.225,"30":40370.735,"31":40627.72,"32":40571.73,"33":40534.27,"34":40552.315,"35":40534.005,"36":40122.085,"37":40441.48,"38":40717.11,"39":41085.945,"40":41018.84,"41":40706.455,"42":40570.985,"43":40443.32,"44":40580.49,"45":39007.895,"46":38632.36,"47":38615.755,"48":36490.56,"49":38128.56,"50":38178.08,"51":37404.41,"52":37573.505,"53":37338.34,"54":37200.67,"55":37283.92,"56":37385.915,"57":36954.5,"58":37225.43,"59":37168.145,"60":36990.61,"61":37043.47,"62":36715.225,"63":36861.66,"64":36913.835,"65":36492.575,"66":36346.955,"67":36257.47,"68":36866.295,"69":36056.63,"70":35497.265,"71":35793.285},"datetime":{"0":1642809600000,"1":1642813200000,"2":1642816800000,"3":1642820400000,"4":1642824000000,"5":1642827600000,"6":1642831200000,"7":1642834800000,"8":1642838400000,"9":1642842000000,"10":1642845600000,"11":1642849200000,"12":1642852800000,"13":1642856400000,"14":1642860000000,"15":1642863600000,"16":1642867200000,"17":1642870800000,"18":1642874400000,"19":1642878000000,"20":1642881600000,"21":1642885200000,"22":1642888800000,"23":1642892400000,"24":1642896000000,"25":1642899600000,"26":1642903200000,"27":1642906800000,"28":1642910400000,"29":1642914000000,"30":1642917600000,"31":1642921200000,"32":1642924800000,"33":1642928400000,"34":1642932000000,"35":1642935600000,"36":1642939200000,"37":1642942800000,"38":1642946400000,"39":1642950000000,"40":1642953600000,"41":1642957200000,"42":1642960800000,"43":1642964400000,"44":1642968000000,"45":1642971600000,"46":1642975200000,"47":1642978800000,"48":1642982400000,"49":1642986000000,"50":1642989600000,"51":1642993200000,"52":1642996800000,"53":1643000400000,"54":1643004000000,"55":1643007600000,"56":1643011200000,"57":1643014800000,"58":1643018400000,"59":1643022000000,"60":1643025600000,"61":1643029200000,"62":1643032800000,"63":1643036400000,"64":1643040000000,"65":1643043600000,"66":1643047200000,"67":1643050800000,"68":1643054400000,"69":1643058000000,"70":1643061600000,"71":1643065200000}}