{"vcompound":{"0":235.3368544601,"1":221.4399515738,"2":255.7936819172,"3":273.1498559078,"4":260.7253521127,"5":282.0374384236,"6":334.6871369295,"7":256.0775055679,"8":334.6314641745,"9":114.4967791411,"10":256.2273204904,"11":245.6420183486,"12":253.5272727273,"13":277.0291858679,"14":267.5542889391,"15":278.2481312671,"16":283.9816229117,"17":264.8255681818,"18":237.8258426966,"19":208.9365900383,"20":257.1387669801,"21":190.7978013029,"22":178.8374021909,"23":171.2494940202,"24":191.391520979,"25":177.3083870968,"26":180.7941493457,"27":179.6958036421,"28":181.409805579,"29":197.9742395437,"30":98.7345880682,"31":57.7141741742,"32":47.6828217555,"33":73.5785944552,"34":80.8493466086,"35":85.7115593016,"36":166.0789959608,"37":228.1841087613,"38":200.5833783055,"39":190.5641405588,"40":169.4257568477,"41":203.4629164391,"42":201.4252747253,"43":183.9963268366,"44":201.0751159196,"45":138.6289550496,"46":150.2315815816,"47":119.7888888889,"48":156.4209361164,"49":192.8010833333,"50":164.978459441,"51":163.40672533,"52":188.6960989534,"53":79.7876297219,"54":86.2361365236,"55":76.8285240464,"56":14.076723903,"57":108.2146616541,"58":109.8250736016,"59":87.3541957139,"60":113.1647387538,"61":184.2775356001,"62":177.1486194859,"63":143.9441361257,"64":109.8869524035,"65":165.6407832898,"66":188.584027972,"67":123.3046933487,"68":102.2620598881,"69":136.9975806452,"70":146.1203987184,"71":151.6237804878},"volumebtc":{"0":23.05106982,"1":52.8509285,"2":43.022888605,"3":75.715508685,"4":28.07579201,"5":13.673182095,"6":16.071192805,"7":51.864001015,"8":57.374956645,"9":69.84148963,"10":57.739025185,"11":73.09381729,"12":59.30537783,"13":92.988237505,"14":172.10376848,"15":174.7573095,"16":115.245674965,"17":77.634829395,"18":104.442712145,"19":89.86855286,"20":81.66561584,"21":280.006352455,"22":149.952071315,"23":80.293306485,"24":119.07743314,"25":131.33441108,"26":162.86110655,"27":190.020671595,"28":91.595951715,"29":112.065441965,"30":79.27209736,"31":92.40645096,"32":101.11073378,"33":126.54033615,"34":63.0091702,"35":76.61361413,"36":251.92498492,"37":180.966263515,"38":205.933532485,"39":256.65650044,"40":135.02006019,"41":234.35049781,"42":167.591722485,"43":128.033117365,"44":237.31170784,"45":525.529946205,"46":418.488404015,"47":273.3983797,"48":172.20549306,"49":179.049537665,"50":179.31645589,"51":237.013891275,"52":116.08411901,"53":213.758099765,"54":228.569307395,"55":181.580452685,"56":139.24844429,"57":287.15807755,"58":414.280033595,"59":128.11757237,"60":312.10215025,"61":225.81952949,"62":143.44466944,"63":227.16171089,"64":228.83122107,"65":265.77685776,"66":145.91835202,"67":111.129489065,"68":338.396619235,"69":323.573464515,"70":366.32188039,"71":217.415744925},"datetime":{"0":1642809600000,"1":1642813200000,"2":1642816800000,"3":1642820400000,"4":1642824000000,"5":1642827600000,"6":1642831200000,"7":1642834800000,"8":1642838400000,"9":1642842000000,"10":1642845600000,"11":1642849200000,"12":1642852800000,"13":1642856400000,"14":1642860000000,"15":1642863600000,"16":1642867200000,"17":1642870800000,"18":1642874400000,"19":1642878000000,"20":1642881600000,"21":1642885200000,"22":1642888800000,"23":1642892400000,"24":1642896000000,"25":1642899600000,"26":1642903200000,"27":1642906800000,"28":1642910400000,"29":1642914000000,"30":1642917600000,"31":1642921200000,"32":1642924800000,"33":1642928400000,"34":1642932000000,"35":1642935600000,"36":1642939200000,"37":1642942800000,"38":1642946400000,"39":1642950000000,"40":1642953600000,"41":1642957200000,"42":1642960800000,"43":1642964400000,"44":1642968000000,"45":1642971600000,"46":1642975200000,"47":1642978800000,"48":1642982400000,"49":1642986000000,"50":1642989600000,"51":1642993200000,"52":1642996800000,"53":1643000400000,"54":1643004000000,"55":1643007600000,"56":1643011200000,"57":1643014800000,"58":1643018400000,"59":1643022000000,"60":1643025600000,"61":1643029200000,"62":1643032800000,"63":1643036400000,"64":1643040000000,"65":1643043600000,"66":1643047200000,"67":1643050800000,"68":1643054400000,"69":1643058000000,"70":1643061600000,"71":1643065200000}}