{"subjectivity":{"0":0.4285392431,"1":0.4221251858,"2":0.4339979587,"3":0.4302500516,"4":0.4373668292,"5":0.4372924375,"6":0.4333831323,"7":0.465486366,"8":0.484986751,"9":0.4616479563,"10":0.4730079587,"11":0.4716125653,"12":0.455812525,"13":0.4322364318,"14":0.435962914,"15":0.439131477,"16":0.4366831178,"17":0.4530871621,"18":0.4170554813,"19":0.4228063135,"20":0.4324714199,"21":0.4277786827,"22":0.4285143812,"23":0.4254776545},"polarity":{"0":0.1661419211,"1":0.1465965342,"2":0.1576791727,"3":0.150614487,"4":0.1548353901,"5":0.1691629056,"6":0.1347243404,"7":0.2232899863,"8":0.1471641903,"9":0.1641161667,"10":0.2165105129,"11":0.2484179154,"12":0.1875442346,"13":0.1720855004,"14":0.1834449399,"15":0.1675577895,"16":0.169973178,"17":0.2003302094,"18":0.1338869016,"19":0.1630705207,"20":0.1683665933,"21":0.1244120921,"22":0.1246335847,"23":0.1266013226},"vcompound":{"0":0.191391521,"1":0.1773083871,"2":0.1807941493,"3":0.1796958036,"4":0.1814098056,"5":0.1979742395,"6":0.0987345881,"7":0.0577141742,"8":0.0476828218,"9":0.0735785945,"10":0.0808493466,"11":0.0857115593,"12":0.166078996,"13":0.2281841088,"14":0.2005833783,"15":0.1905641406,"16":0.1694257568,"17":0.2034629164,"18":0.2014252747,"19":0.1839963268,"20":0.2010751159,"21":0.138628955,"22":0.1502315816,"23":0.1197888889},"datetime":{"0":1642723200000,"1":1642726800000,"2":1642730400000,"3":1642734000000,"4":1642737600000,"5":1642741200000,"6":1642744800000,"7":1642748400000,"8":1642752000000,"9":1642755600000,"10":1642759200000,"11":1642762800000,"12":1642766400000,"13":1642770000000,"14":1642773600000,"15":1642777200000,"16":1642780800000,"17":1642784400000,"18":1642788000000,"19":1642791600000,"20":1642795200000,"21":1642798800000,"22":1642802400000,"23":1642806000000}}