{"subjectivity":{"0":0.4383625998,"1":0.420011699,"2":0.4265822306,"3":0.4256341629,"4":0.4313266429,"5":0.4515964271,"6":0.4344711431,"7":0.4399857507,"8":0.4634931837,"9":0.4447161516,"10":0.4317015947,"11":0.4448533154,"12":0.4278940116,"13":0.4366673003,"14":0.4300514756,"15":0.4557205352,"16":0.4388348683,"17":0.4219659684,"18":0.4355469889,"19":0.4557578948,"20":0.4517249448,"21":0.4312909563,"22":0.4159419733,"23":0.4167172904},"polarity":{"0":0.1560735542,"1":0.1524750437,"2":0.147542083,"3":0.1342625937,"4":0.1527468422,"5":0.1737684029,"6":0.1455163023,"7":0.1779898845,"8":0.1466019166,"9":0.1790405232,"10":0.1621951848,"11":0.1881291665,"12":0.1700081117,"13":0.1715102038,"14":0.162148045,"15":0.1877097177,"16":0.1731309407,"17":0.1664462032,"18":0.1626293569,"19":0.166647681,"20":0.1468008557,"21":0.1376208789,"22":0.1304002024,"23":0.1579916756},"vcompound":{"0":0.1564209361,"1":0.1928010833,"2":0.1649784594,"3":0.1634067253,"4":0.188696099,"5":0.0797876297,"6":0.0862361365,"7":0.076828524,"8":0.0140767239,"9":0.1082146617,"10":0.1098250736,"11":0.0873541957,"12":0.1131647388,"13":0.1842775356,"14":0.1771486195,"15":0.1439441361,"16":0.1098869524,"17":0.1656407833,"18":0.188584028,"19":0.1233046933,"20":0.1022620599,"21":0.1369975806,"22":0.1461203987,"23":0.1516237805},"datetime":{"0":1642809600000,"1":1642813200000,"2":1642816800000,"3":1642820400000,"4":1642824000000,"5":1642827600000,"6":1642831200000,"7":1642834800000,"8":1642838400000,"9":1642842000000,"10":1642845600000,"11":1642849200000,"12":1642852800000,"13":1642856400000,"14":1642860000000,"15":1642863600000,"16":1642867200000,"17":1642870800000,"18":1642874400000,"19":1642878000000,"20":1642881600000,"21":1642885200000,"22":1642888800000,"23":1642892400000}}