{"subjectivity":{"0":0.4338030044,"1":0.4423500548,"2":0.4369075756,"3":0.4750038238,"4":0.4748987276,"5":0.4678387192,"6":0.440655516,"7":0.4549865743,"8":0.4623617868,"9":0.460591118,"10":0.4561472885,"11":0.4465623341,"12":0.4450903805,"13":0.4238866217,"14":0.4571233687,"15":0.4350394328,"16":0.4506948858,"17":0.4511348667,"18":0.432428992,"19":0.4225944924,"20":0.4397270031,"21":0.4460575802,"22":0.4748035052,"23":0.4490349091},"polarity":{"0":0.1893993134,"1":0.1730597129,"2":0.2072551167,"3":0.2226393158,"4":0.2081151222,"5":0.1994651946,"6":0.2122932441,"7":0.2282664439,"8":0.2093034485,"9":0.1240806692,"10":0.214355081,"11":0.2357910192,"12":0.2047439073,"13":0.1927796401,"14":0.2105357798,"15":0.174878684,"16":0.2128362622,"17":0.206650922,"18":0.1506157255,"19":0.1771761005,"20":0.1920375526,"21":0.1561489571,"22":0.1470812099,"23":0.1462382281},"vcompound":{"0":0.2353368545,"1":0.2214399516,"2":0.2557936819,"3":0.2731498559,"4":0.2607253521,"5":0.2820374384,"6":0.3346871369,"7":0.2560775056,"8":0.3346314642,"9":0.1144967791,"10":0.2562273205,"11":0.2456420183,"12":0.2535272727,"13":0.2770291859,"14":0.2675542889,"15":0.2782481313,"16":0.2839816229,"17":0.2648255682,"18":0.2378258427,"19":0.20893659,"20":0.257138767,"21":0.1907978013,"22":0.1788374022,"23":0.171249494},"datetime":{"0":1642636800000,"1":1642640400000,"2":1642644000000,"3":1642647600000,"4":1642651200000,"5":1642654800000,"6":1642658400000,"7":1642662000000,"8":1642665600000,"9":1642669200000,"10":1642672800000,"11":1642676400000,"12":1642680000000,"13":1642683600000,"14":1642687200000,"15":1642690800000,"16":1642694400000,"17":1642698000000,"18":1642701600000,"19":1642705200000,"20":1642708800000,"21":1642712400000,"22":1642716000000,"23":1642719600000}}